"Event","End Time","Group","Start Time","Latency","Duration","Notes"
"Isolation","2023-12-04T20:16:43.600000+00:00","Behavior Group 2","2023-12-04T20:16:43.600000+00:00",0.0,0.0,""
"Proximity","2023-12-04T20:16:45.100000+00:00","Behavior Group 2","2023-12-04T20:16:43.600000+00:00",0.0,1.5,""
"Locomotion","2023-12-04T20:16:46.500000+00:00","Behavior Group 1","2023-12-04T20:16:43.600000+00:00",0.0,2.9,""
"Social Contact","2023-12-04T20:16:48.500000+00:00","Behavior Group 2","2023-12-04T20:16:45.100000+00:00",1.5,3.4,""
"Withdraw","2023-12-04T20:16:48.800000+00:00","","2023-12-04T20:16:48.800000+00:00",5.2,0.0,""
"Passive","2023-12-04T20:16:48.900000+00:00","Behavior Group 1","2023-12-04T20:16:46.500000+00:00",2.9,2.4,""
"Locomotion","2023-12-04T20:16:50.900000+00:00","Behavior Group 1","2023-12-04T20:16:48.900000+00:00",5.3,2.0,""
"Manipulation","2023-12-04T20:16:51.400000+00:00","Behavior Group 1","2023-12-04T20:16:50.900000+00:00",7.3,0.5,""
"Passive","2023-12-04T20:16:53.700000+00:00","Behavior Group 1","2023-12-04T20:16:51.400000+00:00",7.8,2.3,""
"Proximity","2023-12-04T20:16:56.400000+00:00","Behavior Group 2","2023-12-04T20:16:48.500000+00:00",4.9,7.9,""
"Self Directed","2023-12-04T20:17:00.400000+00:00","Behavior Group 1","2023-12-04T20:16:53.700000+00:00",10.1,6.7,""
"Receive Groom","2023-12-04T20:17:00.600000+00:00","Behavior Group 3","2023-12-04T20:16:56.400000+00:00",12.8,4.2,""
"Social Contact","2023-12-04T20:17:03.400000+00:00","Behavior Group 2","2023-12-04T20:16:56.400000+00:00",12.8,7.0,""
"Stop Groom","2023-12-04T20:17:04.300000+00:00","Behavior Group 3","2023-12-04T20:17:00.600000+00:00",17.0,3.7,""
"Passive","2023-12-04T20:17:06.200000+00:00","Behavior Group 1","2023-12-04T20:17:00.400000+00:00",16.8,5.8,""
"Proximity","2023-12-04T20:17:06.300000+00:00","Behavior Group 2","2023-12-04T20:17:03.400000+00:00",19.8,2.9,""
"Solicit Grooming","2023-12-04T20:17:06.300000+00:00","Behavior Group 3","2023-12-04T20:17:04.300000+00:00",20.7,2.0,""
"Stop Group 1","2023-12-04T20:17:12.400000+00:00","Behavior Group 1","2023-12-04T20:17:06.200000+00:00",22.6,6.2,""
"Social Contact","2023-12-04T20:17:12.500000+00:00","Behavior Group 2","2023-12-04T20:17:06.300000+00:00",22.7,6.2,""
"Receive Groom","2023-12-04T20:17:12.500000+00:00","Behavior Group 3","2023-12-04T20:17:06.300000+00:00",22.7,6.2,""
"Proximity","2023-12-04T20:17:18.900000+00:00","Behavior Group 2","2023-12-04T20:17:12.500000+00:00",28.9,6.4,""
"Passive","2023-12-04T20:17:23.800000+00:00","Behavior Group 1","2023-12-04T20:17:12.400000+00:00",28.8,11.4,""
"Self Directed","2023-12-04T20:17:25.800000+00:00","Behavior Group 1","2023-12-04T20:17:23.800000+00:00",40.2,2.0,""
"Passive","2023-12-04T20:17:28.400000+00:00","Behavior Group 1","2023-12-04T20:17:25.800000+00:00",42.2,2.6,""
"Social Contact","2023-12-04T20:17:33.800000+00:00","Behavior Group 2","2023-12-04T20:17:18.900000+00:00",35.3,14.9,""
"Isolation","2023-12-04T20:17:33.800000+00:00","Behavior Group 2","2023-12-04T20:17:33.800000+00:00",50.2,0.0,""
"Manipulation","2023-12-04T20:17:35.200000+00:00","Behavior Group 1","2023-12-04T20:17:28.400000+00:00",44.8,6.8,""
"Proximity","2023-12-04T20:17:54+00:00","Behavior Group 2","2023-12-04T20:17:33.800000+00:00",50.2,20.2,""
"Passive","2023-12-04T20:18:02.900000+00:00","Behavior Group 1","2023-12-04T20:17:35.200000+00:00",51.6,27.7,""
"Isolation","2023-12-04T20:18:04.300000+00:00","Behavior Group 2","2023-12-04T20:17:54+00:00",70.4,10.3,""
"Proximity","2023-12-04T20:18:04.300000+00:00","Behavior Group 2","2023-12-04T20:18:04.300000+00:00",80.7,0.0,""
"Social Contact","2023-12-04T20:18:06.500000+00:00","Behavior Group 2","2023-12-04T20:18:04.300000+00:00",80.7,2.2,""
"Manipulation","2023-12-04T20:18:09.800000+00:00","Behavior Group 1","2023-12-04T20:18:02.900000+00:00",79.3,6.9,""
"Passive","2023-12-04T20:18:35.300000+00:00","Behavior Group 1","2023-12-04T20:18:09.800000+00:00",86.2,25.5,""
"Self Directed","2023-12-04T20:18:44.800000+00:00","Behavior Group 1","2023-12-04T20:18:35.300000+00:00",111.7,9.5,""
"Passive","2023-12-04T20:18:49.400000+00:00","Behavior Group 1","2023-12-04T20:18:44.800000+00:00",121.2,4.6,""
"Approach","2023-12-04T20:18:51.200000+00:00","","2023-12-04T20:18:51.200000+00:00",127.6,0.0,""
"Locomotion","2023-12-04T20:18:52+00:00","Behavior Group 1","2023-12-04T20:18:49.400000+00:00",125.8,2.6,""
"Isolation","2023-12-04T20:18:53+00:00","Behavior Group 2","2023-12-04T20:18:06.500000+00:00",82.9,46.5,""
"Manipulation","2023-12-04T20:18:59.799000+00:00","Behavior Group 1","2023-12-04T20:18:52+00:00",128.4,7.799,""
"Passive","2023-12-04T20:19:01.600000+00:00","Behavior Group 1","2023-12-04T20:18:59.799000+00:00",136.199,1.801,""
"Self Directed","2023-12-04T20:19:11.500000+00:00","Behavior Group 1","2023-12-04T20:19:01.600000+00:00",138.0,9.9,""
"Proximity","2023-12-04T20:19:16.400000+00:00","Behavior Group 2","2023-12-04T20:18:53+00:00",129.4,23.4,""
"Social Contact","2023-12-04T20:19:18.799000+00:00","Behavior Group 2","2023-12-04T20:19:16.400000+00:00",152.8,2.399,""
"Passive","2023-12-04T20:19:19.400000+00:00","Behavior Group 1","2023-12-04T20:19:11.500000+00:00",147.9,7.9,""
"Manipulation","2023-12-04T20:19:38.500000+00:00","Behavior Group 1","2023-12-04T20:19:19.400000+00:00",155.8,19.1,""
"Passive","2023-12-04T20:19:41.200000+00:00","Behavior Group 1","2023-12-04T20:19:38.500000+00:00",174.9,2.7,""
"Locomotion","2023-12-04T20:19:53.100000+00:00","Behavior Group 1","2023-12-04T20:19:41.200000+00:00",177.6,11.9,""
"Passive","2023-12-04T20:20:01.500000+00:00","Behavior Group 1","2023-12-04T20:19:53.100000+00:00",189.5,8.4,""
"Self Directed","2023-12-04T20:20:06.200000+00:00","Behavior Group 1","2023-12-04T20:20:01.500000+00:00",197.9,4.7,""
"Passive","2023-12-04T20:20:17.700000+00:00","Behavior Group 1","2023-12-04T20:20:06.200000+00:00",202.6,11.5,""
"Proximity","2023-12-04T20:20:18.100000+00:00","Behavior Group 2","2023-12-04T20:19:18.799000+00:00",155.199,59.301,""
"Isolation","2023-12-04T20:20:25+00:00","Behavior Group 2","2023-12-04T20:20:18.100000+00:00",214.5,6.9,""
"Self Directed","2023-12-04T20:20:25.100000+00:00","Behavior Group 1","2023-12-04T20:20:17.700000+00:00",214.1,7.4,""
"Proximity","2023-12-04T20:20:28.500000+00:00","Behavior Group 2","2023-12-04T20:20:25+00:00",221.4,3.5,""
"Approach","2023-12-04T20:20:28.500000+00:00","","2023-12-04T20:20:28.500000+00:00",224.9,0.0,""
"Social Contact","2023-12-04T20:20:30.200000+00:00","Behavior Group 2","2023-12-04T20:20:28.500000+00:00",224.9,1.7,""
"Withdraw","2023-12-04T20:20:30.200000+00:00","","2023-12-04T20:20:30.200000+00:00",226.6,0.0,""
"Passive","2023-12-04T20:20:30.600000+00:00","Behavior Group 1","2023-12-04T20:20:25.100000+00:00",221.5,5.5,""
"Proximity","2023-12-04T20:20:44.600000+00:00","Behavior Group 2","2023-12-04T20:20:30.200000+00:00",226.6,14.4,""
"Stop Groom","2023-12-04T20:20:44.600000+00:00","Behavior Group 3","2023-12-04T20:17:12.500000+00:00",28.9,212.1,""
"Manipulation","2023-12-04T20:20:44.600000+00:00","Behavior Group 1","2023-12-04T20:20:30.600000+00:00",227.0,14.0,""
"Stop Group 1","2023-12-04T20:20:48.600000+00:00","Behavior Group 1","2023-12-04T20:20:44.600000+00:00",241.0,4.0,""
"Social Contact","2023-12-04T20:20:49.300000+00:00","Behavior Group 2","2023-12-04T20:20:44.600000+00:00",241.0,4.7,""
"Receive Groom","2023-12-04T20:20:49.300000+00:00","Behavior Group 3","2023-12-04T20:20:44.600000+00:00",241.0,4.7,""
"Manipulation","2023-12-04T20:20:57+00:00","Behavior Group 1","2023-12-04T20:20:48.600000+00:00",245.0,8.4,""
"Passive","2023-12-04T20:21:06.200000+00:00","Behavior Group 1","2023-12-04T20:20:57+00:00",253.4,9.2,""
"Proximity","2023-12-04T20:21:06.700000+00:00","Behavior Group 2","2023-12-04T20:20:49.300000+00:00",245.7,17.4,""
"Approach","2023-12-04T20:21:06.700000+00:00","","2023-12-04T20:21:06.700000+00:00",263.1,0.0,""
"Stop Groom","2023-12-04T20:21:08+00:00","Behavior Group 3","2023-12-04T20:20:49.300000+00:00",245.7,18.7,""
"No Response","2023-12-04T20:21:10.515000+00:00","","2023-12-04T20:21:10.515000+00:00",266.915,0.0,""
"Receive Groom","2023-12-04T20:21:17.500000+00:00","Behavior Group 3","2023-12-04T20:21:08+00:00",264.4,9.5,""
"Social Contact","2023-12-04T20:21:17.500000+00:00","Behavior Group 2","2023-12-04T20:21:06.700000+00:00",263.1,10.8,""
"Stop Groom","2023-12-04T20:21:17.500000+00:00","Behavior Group 3","2023-12-04T20:21:17.500000+00:00",273.9,0.0,""
"Solicit Grooming","2023-12-04T20:21:22.100000+00:00","Behavior Group 3","2023-12-04T20:21:17.500000+00:00",273.9,4.6,""
"Stop Group 1","2023-12-04T20:21:22.100000+00:00","Behavior Group 1","2023-12-04T20:21:06.200000+00:00",262.6,15.9,""
"Passive","2023-12-04T20:21:25.900000+00:00","Behavior Group 1","2023-12-04T20:21:22.100000+00:00",278.5,3.8,""
"Locomotion","2023-12-04T20:21:28.800000+00:00","Behavior Group 1","2023-12-04T20:21:25.900000+00:00",282.3,2.9,""
"Passive","2023-12-04T20:21:29.900000+00:00","Behavior Group 1","2023-12-04T20:21:28.800000+00:00",285.2,1.1,""
"Proximity","2023-12-04T20:21:34.700000+00:00","Behavior Group 2","2023-12-04T20:21:17.500000+00:00",273.9,17.2,""
"Manipulation","2023-12-04T20:21:36.200000+00:00","Behavior Group 1","2023-12-04T20:21:29.900000+00:00",286.3,6.3,""
"Passive","2023-12-04T20:21:43.300000+00:00","Behavior Group 1","2023-12-04T20:21:36.200000+00:00",292.6,7.1,""
"Social Contact","2023-12-04T20:21:44.700000+00:00","Behavior Group 2","2023-12-04T20:21:34.700000+00:00",291.1,10.0,""
"Withdraw","2023-12-04T20:21:45.400000+00:00","","2023-12-04T20:21:45.400000+00:00",301.8,0.0,""
"Approach","2023-12-04T20:21:47.500000+00:00","","2023-12-04T20:21:47.500000+00:00",303.9,0.0,""
"Proximity","2023-12-04T20:21:47.500000+00:00","Behavior Group 2","2023-12-04T20:21:44.700000+00:00",301.1,2.8,""
"Stop Groom","2023-12-04T20:21:48.600000+00:00","Behavior Group 3","2023-12-04T20:21:22.100000+00:00",278.5,26.5,""
"Locomotion","2023-12-04T20:21:48.600000+00:00","Behavior Group 1","2023-12-04T20:21:43.300000+00:00",299.7,5.3,""
"Social Contact","2023-12-04T20:21:54.200000+00:00","Behavior Group 2","2023-12-04T20:21:47.500000+00:00",303.9,6.7,""
"Give Groom","2023-12-04T20:21:54.200000+00:00","Behavior Group 3","2023-12-04T20:21:48.600000+00:00",305.0,5.6,""
"Stop Group 1","2023-12-04T20:21:54.400000+00:00","Behavior Group 1","2023-12-04T20:21:48.600000+00:00",305.0,5.8,""
"Withdraw","2023-12-04T20:21:54.400000+00:00","","2023-12-04T20:21:54.400000+00:00",310.8,0.0,""
"Self Directed","2023-12-04T20:21:56.300000+00:00","Behavior Group 1","2023-12-04T20:21:54.400000+00:00",310.8,1.9,""
"Proximity","2023-12-04T20:21:56.300000+00:00","Behavior Group 2","2023-12-04T20:21:54.200000+00:00",310.6,2.1,""
"Approach","2023-12-04T20:21:56.400000+00:00","","2023-12-04T20:21:56.400000+00:00",312.8,0.0,""
"Passive","2023-12-04T20:21:59.700000+00:00","Behavior Group 1","2023-12-04T20:21:56.300000+00:00",312.7,3.4,""
"Social Contact","2023-12-04T20:22:03.200000+00:00","Behavior Group 2","2023-12-04T20:21:56.300000+00:00",312.7,6.9,""
"Stop Groom","2023-12-04T20:22:05.600000+00:00","Behavior Group 3","2023-12-04T20:21:54.200000+00:00",310.6,11.4,""
"Proximity","2023-12-04T20:22:05.600000+00:00","Behavior Group 2","2023-12-04T20:22:03.200000+00:00",319.6,2.4,""
"Self Directed","2023-12-04T20:22:06.300000+00:00","Behavior Group 1","2023-12-04T20:21:59.700000+00:00",316.1,6.6,""
"Social Contact","2023-12-04T20:23:59.500000+00:00","Behavior Group 2","2023-12-04T20:22:05.600000+00:00",322.0,113.9,""
"Receive Groom","2023-12-04T20:23:59.500000+00:00","Behavior Group 3","2023-12-04T20:22:05.600000+00:00",322.0,113.9,""
"Stop Group 1","2023-12-04T20:23:59.500000+00:00","Behavior Group 1","2023-12-04T20:22:06.300000+00:00",322.7,113.2,""
"Passive","2023-12-04T20:24:01.200000+00:00","Behavior Group 1","2023-12-04T20:23:59.500000+00:00",435.9,1.7,""
"Withdraw","2023-12-04T20:24:01.600000+00:00","","2023-12-04T20:24:01.600000+00:00",438.0,0.0,""
"Self Directed","2023-12-04T20:24:11.200000+00:00","Behavior Group 1","2023-12-04T20:24:01.200000+00:00",437.6,10.0,""
"Passive","2023-12-04T20:24:12.600000+00:00","Behavior Group 1","2023-12-04T20:24:11.200000+00:00",447.6,1.4,""
"Self Directed","2023-12-04T20:24:31+00:00","Behavior Group 1","2023-12-04T20:24:12.600000+00:00",449.0,18.4,""
"Passive","2023-12-04T20:24:34.100000+00:00","Behavior Group 1","2023-12-04T20:24:31+00:00",467.4,3.1,""
"Self Directed","2023-12-04T20:24:45.900000+00:00","Behavior Group 1","2023-12-04T20:24:34.100000+00:00",470.5,11.8,""
"Passive","2023-12-04T20:24:53.500000+00:00","Behavior Group 1","2023-12-04T20:24:45.900000+00:00",482.3,7.6,""
"Self Directed","2023-12-04T20:25:21.700000+00:00","Behavior Group 1","2023-12-04T20:24:53.500000+00:00",489.9,28.2,""
"Passive","2023-12-04T20:25:25.200000+00:00","Behavior Group 1","2023-12-04T20:25:21.700000+00:00",518.1,3.5,""
"Self Directed","2023-12-04T20:25:32.100000+00:00","Behavior Group 1","2023-12-04T20:25:25.200000+00:00",521.6,6.9,""
"Passive","2023-12-04T20:25:35.900000+00:00","Behavior Group 1","2023-12-04T20:25:32.100000+00:00",528.5,3.8,""
"Proximity","2023-12-04T20:25:43.900000+00:00","Behavior Group 2","2023-12-04T20:23:59.500000+00:00",435.9,104.4,""
"Stop Groom","2023-12-04T20:25:43.900000+00:00","Behavior Group 3","2023-12-04T20:23:59.500000+00:00",435.9,104.4,""
"Self Directed","2023-12-04T20:25:45.100000+00:00","Behavior Group 1","2023-12-04T20:25:35.900000+00:00",532.3,9.2,""
"Social Contact","2023-12-04T20:25:56.900000+00:00","Behavior Group 2","2023-12-04T20:25:43.900000+00:00",540.3,13.0,""
"Receive Groom","2023-12-04T20:25:56.900000+00:00","Behavior Group 3","2023-12-04T20:25:43.900000+00:00",540.3,13.0,""
"Stop Group 1","2023-12-04T20:25:56.900000+00:00","Behavior Group 1","2023-12-04T20:25:45.100000+00:00",541.5,11.8,""
"Withdraw","2023-12-04T20:25:56.900000+00:00","","2023-12-04T20:25:56.900000+00:00",553.3,0.0,""
"Locomotion","2023-12-04T20:25:59.600000+00:00","Behavior Group 1","2023-12-04T20:25:56.900000+00:00",553.3,2.7,""
"Proximity","2023-12-04T20:26:01.900000+00:00","Behavior Group 2","2023-12-04T20:25:56.900000+00:00",553.3,5.0,""
"Manipulation","2023-12-04T20:26:07.600000+00:00","Behavior Group 1","2023-12-04T20:25:59.600000+00:00",556.0,8.0,""
"Social Contact","2023-12-04T20:26:08.700000+00:00","Behavior Group 2","2023-12-04T20:26:01.900000+00:00",558.3,6.8,""
"Withdraw","2023-12-04T20:26:10.400000+00:00","","2023-12-04T20:26:10.400000+00:00",566.8,0.0,""
"Locomotion","2023-12-04T20:26:10.600000+00:00","Behavior Group 1","2023-12-04T20:26:07.600000+00:00",564.0,3.0,""
"Proximity","2023-12-04T20:26:11.500000+00:00","Behavior Group 2","2023-12-04T20:26:08.700000+00:00",565.1,2.8,""
"Passive","2023-12-04T20:26:15.800000+00:00","Behavior Group 1","2023-12-04T20:26:10.600000+00:00",567.0,5.2,""
"Self Directed","2023-12-04T20:26:34.800000+00:00","Behavior Group 1","2023-12-04T20:26:15.800000+00:00",572.2,19.0,""
"Withdraw","2023-12-04T20:26:34.800000+00:00","","2023-12-04T20:26:34.800000+00:00",591.2,0.0,""
"Social Contact","2023-12-04T20:26:35.400000+00:00","Behavior Group 2","2023-12-04T20:26:11.500000+00:00",567.9,23.9,""
"Locomotion","2023-12-04T20:26:40.100000+00:00","Behavior Group 1","2023-12-04T20:26:34.800000+00:00",591.2,5.3,""
"Proximity","2023-12-04T20:26:47.800000+00:00","Behavior Group 2","2023-12-04T20:26:35.400000+00:00",591.8,12.4,""
"Approach","2023-12-04T20:26:47.800000+00:00","","2023-12-04T20:26:47.800000+00:00",604.2,0.0,""
"Passive","2023-12-04T20:26:51.800000+00:00","Behavior Group 1","2023-12-04T20:26:40.100000+00:00",596.5,11.7,""
"Self Directed","2023-12-04T20:26:57.700000+00:00","Behavior Group 1","2023-12-04T20:26:51.800000+00:00",608.2,5.9,""
"Passive","2023-12-04T20:27:03.600000+00:00","Behavior Group 1","2023-12-04T20:26:57.700000+00:00",614.1,5.9,""
"Social Contact","2023-12-04T20:27:05.600000+00:00","Behavior Group 2","2023-12-04T20:26:47.800000+00:00",604.2,17.8,""
"Isolation","2023-12-04T20:27:05.600000+00:00","Behavior Group 2","2023-12-04T20:27:05.600000+00:00",622.0,0.0,""
"Self Directed","2023-12-04T20:27:13.900000+00:00","Behavior Group 1","2023-12-04T20:27:03.600000+00:00",620.0,10.3,""
"Passive","2023-12-04T20:27:37.600000+00:00","Behavior Group 1","2023-12-04T20:27:13.900000+00:00",630.3,23.7,""
"Self Directed","2023-12-04T20:27:56.900000+00:00","Behavior Group 1","2023-12-04T20:27:37.600000+00:00",654.0,19.3,""
"Passive","2023-12-04T20:28:11.100000+00:00","Behavior Group 1","2023-12-04T20:27:56.900000+00:00",673.3,14.2,""
"Self Directed","2023-12-04T20:28:16.300000+00:00","Behavior Group 1","2023-12-04T20:28:11.100000+00:00",687.5,5.2,""
"Passive","2023-12-04T20:28:17.700000+00:00","Behavior Group 1","2023-12-04T20:28:16.300000+00:00",692.7,1.4,""
"Proximity","2023-12-04T20:28:25.400000+00:00","Behavior Group 2","2023-12-04T20:27:05.600000+00:00",622.0,79.8,""
"Withdraw","2023-12-04T20:28:25.400000+00:00","","2023-12-04T20:28:25.400000+00:00",701.8,0.0,""
"Locomotion","2023-12-04T20:28:26.300000+00:00","Behavior Group 1","2023-12-04T20:28:17.700000+00:00",694.1,8.6,""
"Isolation","2023-12-04T20:28:27.700000+00:00","Behavior Group 2","2023-12-04T20:28:25.400000+00:00",701.8,2.3,""
"Manipulation","2023-12-04T20:28:35.100000+00:00","Behavior Group 1","2023-12-04T20:28:26.300000+00:00",702.7,8.8,""
"Proximity","2023-12-04T20:28:39.400000+00:00","Behavior Group 2","2023-12-04T20:28:27.700000+00:00",704.1,11.7,""
"Withdraw","2023-12-04T20:28:39.400000+00:00","","2023-12-04T20:28:39.400000+00:00",715.8,0.0,""
"Locomotion","2023-12-04T20:28:39.500000+00:00","Behavior Group 1","2023-12-04T20:28:35.100000+00:00",711.5,4.4,""
"Passive","2023-12-04T20:28:47.200000+00:00","Behavior Group 1","2023-12-04T20:28:39.500000+00:00",715.9,7.7,""
"Isolation","2023-12-04T20:28:47.200000+00:00","Behavior Group 2","2023-12-04T20:28:39.400000+00:00",715.8,7.8,""
"Self Directed","2023-12-04T20:28:50.300000+00:00","Behavior Group 1","2023-12-04T20:28:47.200000+00:00",723.6,3.1,""
"Stop Groom","2023-12-04T20:28:50.400000+00:00","Behavior Group 3","2023-12-04T20:25:56.900000+00:00",553.3,173.5,""
"Proximity","2023-12-04T20:28:54+00:00","Behavior Group 2","2023-12-04T20:28:47.200000+00:00",723.6,6.8,""
"Solicit Grooming","2023-12-04T20:28:54+00:00","Behavior Group 3","2023-12-04T20:28:50.400000+00:00",726.8,3.6,""
"Receive Groom","2023-12-04T20:29:01.100000+00:00","Behavior Group 3","2023-12-04T20:28:54+00:00",730.4,7.1,""
"Social Contact","2023-12-04T20:29:01.200000+00:00","Behavior Group 2","2023-12-04T20:28:54+00:00",730.4,7.2,""
"Stop Group 1","2023-12-04T20:29:09.600000+00:00","Behavior Group 1","2023-12-04T20:28:50.300000+00:00",726.7,19.3,""
"Solicit Grooming","2023-12-04T20:29:09.600000+00:00","Behavior Group 3","2023-12-04T20:29:01.100000+00:00",737.5,8.5,""
"Passive","2023-12-04T20:29:24.200000+00:00","Behavior Group 1","2023-12-04T20:29:09.600000+00:00",746.0,14.6,""
"Self Directed","2023-12-04T20:29:29.500000+00:00","Behavior Group 1","2023-12-04T20:29:24.200000+00:00",760.6,5.3,""
"Passive","2023-12-04T20:29:32.800000+00:00","Behavior Group 1","2023-12-04T20:29:29.500000+00:00",765.9,3.3,""
"Self Directed","2023-12-04T20:29:39.800000+00:00","Behavior Group 1","2023-12-04T20:29:32.800000+00:00",769.2,7.0,""
"Passive","2023-12-04T20:29:42.900000+00:00","Behavior Group 1","2023-12-04T20:29:39.800000+00:00",776.2,3.1,""
"Withdraw","2023-12-04T20:29:42.900000+00:00","","2023-12-04T20:29:42.900000+00:00",779.3,0.0,""
"Locomotion","2023-12-04T20:29:49.600000+00:00","Behavior Group 1","2023-12-04T20:29:42.900000+00:00",779.3,6.7,""
"Proximity","2023-12-04T20:30:05.400000+00:00","Behavior Group 2","2023-12-04T20:29:01.200000+00:00",737.6,64.2,""
"Passive","2023-12-04T20:30:09.900000+00:00","Behavior Group 1","2023-12-04T20:29:49.600000+00:00",786.0,20.3,""
"Stop Groom","2023-12-04T20:30:20.100000+00:00","Behavior Group 3","2023-12-04T20:29:09.600000+00:00",746.0,70.5,""
"Self Directed","2023-12-04T20:30:20.300000+00:00","Behavior Group 1","2023-12-04T20:30:09.900000+00:00",806.3,10.4,""
"Receive Groom","2023-12-04T20:30:46.300000+00:00","Behavior Group 3","2023-12-04T20:30:20.100000+00:00",816.5,26.2,""
"Social Contact","2023-12-04T20:30:52.600000+00:00","Behavior Group 2","2023-12-04T20:30:05.400000+00:00",801.8,47.2,""
"Stop Group 1","2023-12-04T20:30:52.600000+00:00","Behavior Group 1","2023-12-04T20:30:20.300000+00:00",816.7,32.3,""
"Self Directed","2023-12-04T20:30:56.400000+00:00","Behavior Group 1","2023-12-04T20:30:52.600000+00:00",849.0,3.8,""
"Passive","2023-12-04T20:31:03.600000+00:00","Behavior Group 1","2023-12-04T20:30:56.400000+00:00",852.8,7.2,""
"Self Directed","2023-12-04T20:31:13.100000+00:00","Behavior Group 1","2023-12-04T20:31:03.600000+00:00",860.0,9.5,""
"Locomotion","2023-12-04T20:31:26.100000+00:00","Behavior Group 1","2023-12-04T20:31:13.100000+00:00",869.5,13.0,""
"Self Directed","2023-12-04T20:31:29+00:00","Behavior Group 1","2023-12-04T20:31:26.100000+00:00",882.5,2.9,""
"Passive","2023-12-04T20:31:30.400000+00:00","Behavior Group 1","2023-12-04T20:31:29+00:00",885.4,1.4,""
"Self Directed","2023-12-04T20:31:40.600000+00:00","Behavior Group 1","2023-12-04T20:31:30.400000+00:00",886.8,10.2,""
"Proximity","2023-12-04T20:31:41.300000+00:00","Behavior Group 2","2023-12-04T20:30:52.600000+00:00",849.0,48.7,""
"Passive","2023-12-04T20:31:43.100000+00:00","Behavior Group 1","2023-12-04T20:31:40.600000+00:00",897.0,2.5,""
"Self Directed","2023-12-04T20:31:50.400000+00:00","Behavior Group 1","2023-12-04T20:31:43.100000+00:00",899.5,7.3,""
"Passive","2023-12-04T20:31:54.300000+00:00","Behavior Group 1","2023-12-04T20:31:50.400000+00:00",906.8,3.9,""
"Self Directed","2023-12-04T20:31:59.400000+00:00","Behavior Group 1","2023-12-04T20:31:54.300000+00:00",910.7,5.1,""
"Passive","2023-12-04T20:32:01+00:00","Behavior Group 1","2023-12-04T20:31:59.400000+00:00",915.8,1.6,""
"Self Directed","2023-12-04T20:32:03.400000+00:00","Behavior Group 1","2023-12-04T20:32:01+00:00",917.4,2.4,""
"Passive","2023-12-04T20:32:07.800000+00:00","Behavior Group 1","2023-12-04T20:32:03.400000+00:00",919.8,4.4,""
"Self Directed","2023-12-04T20:32:10.400000+00:00","Behavior Group 1","2023-12-04T20:32:07.800000+00:00",924.2,2.6,""
"Passive","2023-12-04T20:32:14.200000+00:00","Behavior Group 1","2023-12-04T20:32:10.400000+00:00",926.8,3.8,""
"Social Contact","2023-12-04T20:32:17.400000+00:00","Behavior Group 2","2023-12-04T20:31:41.300000+00:00",897.7,36.1,""
"Withdraw","2023-12-04T20:32:17.400000+00:00","","2023-12-04T20:32:17.400000+00:00",933.8,0.0,""
"Self Directed","2023-12-04T20:32:23+00:00","Behavior Group 1","2023-12-04T20:32:14.200000+00:00",930.6,8.8,""
"Proximity","2023-12-04T20:32:28.600000+00:00","Behavior Group 2","2023-12-04T20:32:17.400000+00:00",933.8,11.2,""
"Stop Groom","2023-12-04T20:32:39.100000+00:00","Behavior Group 3","2023-12-04T20:30:46.300000+00:00",842.7,112.8,""
"Passive","2023-12-04T20:32:39.100000+00:00","Behavior Group 1","2023-12-04T20:32:23+00:00",939.4,16.1,""
"Solicit Grooming","2023-12-04T20:32:41.100000+00:00","Behavior Group 3","2023-12-04T20:32:39.100000+00:00",955.5,2.0,""
"Stop Group 1","2023-12-04T20:32:41.100000+00:00","Behavior Group 1","2023-12-04T20:32:39.100000+00:00",955.5,2.0,""
"Passive","2023-12-04T20:32:43.300000+00:00","Behavior Group 1","2023-12-04T20:32:41.100000+00:00",957.5,2.2,""
"Stop Groom","2023-12-04T20:32:43.400000+00:00","Behavior Group 3","2023-12-04T20:32:41.100000+00:00",957.5,2.3,""
"Solicit Grooming","2023-12-04T20:32:44.800000+00:00","Behavior Group 3","2023-12-04T20:32:43.400000+00:00",959.8,1.4,""
"Stop Group 1","2023-12-04T20:32:44.800000+00:00","Behavior Group 1","2023-12-04T20:32:43.300000+00:00",959.7,1.5,""
"Passive","2023-12-04T20:32:46.300000+00:00","Behavior Group 1","2023-12-04T20:32:44.800000+00:00",961.2,1.5,""
"Self Directed","2023-12-04T20:33:12.200000+00:00","Behavior Group 1","2023-12-04T20:32:46.300000+00:00",962.7,25.9,""
"Social Contact","2023-12-04T20:33:12.200000+00:00","Behavior Group 2","2023-12-04T20:32:28.600000+00:00",945.0,43.6,""
"Withdraw","2023-12-04T20:33:13.100000+00:00","","2023-12-04T20:33:13.100000+00:00",989.5,0.0,""
"Passive","2023-12-04T20:33:19.200000+00:00","Behavior Group 1","2023-12-04T20:33:12.200000+00:00",988.6,7.0,""
"Self Directed","2023-12-04T20:33:23.200000+00:00","Behavior Group 1","2023-12-04T20:33:19.200000+00:00",995.6,4.0,""
"Passive","2023-12-04T20:33:28.800000+00:00","Behavior Group 1","2023-12-04T20:33:23.200000+00:00",999.6,5.6,""
"Proximity","2023-12-04T20:33:42.800000+00:00","Behavior Group 2","2023-12-04T20:33:12.200000+00:00",988.6,30.6,""
"Self Directed","2023-12-04T20:33:46.099000+00:00","Behavior Group 1","2023-12-04T20:33:28.800000+00:00",1005.2,17.299,""
"Passive","2023-12-04T20:33:59.699000+00:00","Behavior Group 1","2023-12-04T20:33:46.099000+00:00",1022.499,13.6,""
"Withdraw","2023-12-04T20:34:02.199000+00:00","","2023-12-04T20:34:02.199000+00:00",1038.599,0.0,""
"Social Contact","2023-12-04T20:34:02.199000+00:00","Behavior Group 2","2023-12-04T20:33:42.800000+00:00",1019.2,19.399,""
"Locomotion","2023-12-04T20:34:03.199000+00:00","Behavior Group 1","2023-12-04T20:33:59.699000+00:00",1036.099,3.5,""
"Manipulation","2023-12-04T20:34:06.699000+00:00","Behavior Group 1","2023-12-04T20:34:03.199000+00:00",1039.599,3.5,""
"Isolation","2023-12-04T20:34:06.899000+00:00","Behavior Group 2","2023-12-04T20:34:02.199000+00:00",1038.599,4.7,""
"Approach","2023-12-04T20:34:06.899000+00:00","","2023-12-04T20:34:06.899000+00:00",1043.299,0.0,""
"Proximity","2023-12-04T20:34:08.199000+00:00","Behavior Group 2","2023-12-04T20:34:06.899000+00:00",1043.299,1.3,""
"Approach","2023-12-04T20:34:08.199000+00:00","","2023-12-04T20:34:08.199000+00:00",1044.599,0.0,""
"Locomotion","2023-12-04T20:34:11.399000+00:00","Behavior Group 1","2023-12-04T20:34:06.699000+00:00",1043.099,4.7,""
"Passive","2023-12-04T20:34:17.100000+00:00","Behavior Group 1","2023-12-04T20:34:11.399000+00:00",1047.799,5.701,""
"Stop Groom","2023-12-04T20:34:17.199000+00:00","Behavior Group 3","2023-12-04T20:32:44.800000+00:00",961.2,92.399,""
"Mounting","2023-12-04T20:34:22.100000+00:00","Behavior Group 3","2023-12-04T20:34:17.199000+00:00",1053.599,4.901,""
"Social Contact","2023-12-04T20:34:22.100000+00:00","Behavior Group 2","2023-12-04T20:34:08.199000+00:00",1044.599,13.901,""
"Withdraw","2023-12-04T20:34:22.100000+00:00","","2023-12-04T20:34:22.100000+00:00",1058.5,0.0,""
"Stop Group 1","2023-12-04T20:34:22.100000+00:00","Behavior Group 1","2023-12-04T20:34:17.100000+00:00",1053.5,5.0,""
"Stop Groom","2023-12-04T20:34:23.600000+00:00","Behavior Group 3","2023-12-04T20:34:22.100000+00:00",1058.5,1.5,""
"Locomotion","2023-12-04T20:34:23.800000+00:00","Behavior Group 1","2023-12-04T20:34:22.100000+00:00",1058.5,1.7,""
"Proximity","2023-12-04T20:34:23.899000+00:00","Behavior Group 2","2023-12-04T20:34:22.100000+00:00",1058.5,1.799,""
"Solicit Grooming","2023-12-04T20:34:23.899000+00:00","Behavior Group 3","2023-12-04T20:34:23.600000+00:00",1060.0,0.299,""
"Receive Groom","2023-12-04T20:34:35.199000+00:00","Behavior Group 3","2023-12-04T20:34:23.899000+00:00",1060.299,11.3,""
"Stop Group 1","2023-12-04T20:34:40.699000+00:00","Behavior Group 1","2023-12-04T20:34:23.800000+00:00",1060.2,16.899,""
"Solicit Grooming","2023-12-04T20:34:40.699000+00:00","Behavior Group 3","2023-12-04T20:34:35.199000+00:00",1071.599,5.5,""
"Passive","2023-12-04T20:34:59.399000+00:00","Behavior Group 1","2023-12-04T20:34:40.699000+00:00",1077.099,18.7,""
"Stop Groom","2023-12-04T20:34:59.500000+00:00","Behavior Group 3","2023-12-04T20:34:40.699000+00:00",1077.099,18.801,""
"Stop Group 1","2023-12-04T20:36:46.699000+00:00","Behavior Group 1","2023-12-04T20:34:59.399000+00:00",1095.799,107.3,""
"Receive Groom","2023-12-04T20:36:46.800000+00:00","Behavior Group 3","2023-12-04T20:34:59.500000+00:00",1095.9,107.3,""
"Passive","2023-12-04T20:36:55.800000+00:00","Behavior Group 1","2023-12-04T20:36:46.699000+00:00",1203.099,9.101,""
"Stop Groom","2023-12-04T20:36:55.899000+00:00","Behavior Group 3","2023-12-04T20:36:46.800000+00:00",1203.2,9.099,""
"Receive Groom","2023-12-04T20:37:35.399000+00:00","Behavior Group 3","2023-12-04T20:36:55.899000+00:00",1212.299,39.5,""
"Social Contact","2023-12-04T20:37:35.399000+00:00","Behavior Group 2","2023-12-04T20:34:23.899000+00:00",1060.299,191.5,""
"Stop Group 1","2023-12-04T20:37:35.399000+00:00","Behavior Group 1","2023-12-04T20:36:55.800000+00:00",1212.2,39.599,""
"Proximity","2023-12-04T20:37:37+00:00","Behavior Group 2","2023-12-04T20:37:35.399000+00:00",1251.799,1.601,""
"Passive","2023-12-04T20:37:38+00:00","Behavior Group 1","2023-12-04T20:37:35.399000+00:00",1251.799,2.601,""
"Social Contact","2023-12-04T20:37:38.199000+00:00","Behavior Group 2","2023-12-04T20:37:37+00:00",1253.4,1.199,""
"Self Directed","2023-12-04T20:37:47.100000+00:00","Behavior Group 1","2023-12-04T20:37:38+00:00",1254.4,9.1,""
"Passive","2023-12-04T20:37:50.500000+00:00","Behavior Group 1","2023-12-04T20:37:47.100000+00:00",1263.5,3.4,""
"Proximity","2023-12-04T20:37:51.399000+00:00","Behavior Group 2","2023-12-04T20:37:38.199000+00:00",1254.599,13.2,""
"Approach","2023-12-04T20:37:51.399000+00:00","","2023-12-04T20:37:51.399000+00:00",1267.799,0.0,""
"Social Contact","2023-12-04T20:37:53.300000+00:00","Behavior Group 2","2023-12-04T20:37:51.399000+00:00",1267.799,1.901,""
"Withdraw","2023-12-04T20:37:53.300000+00:00","","2023-12-04T20:37:53.300000+00:00",1269.7,0.0,""
"Locomotion","2023-12-04T20:37:57.399000+00:00","Behavior Group 1","2023-12-04T20:37:50.500000+00:00",1266.9,6.899,""
"Proximity","2023-12-04T20:38:13+00:00","Behavior Group 2","2023-12-04T20:37:53.300000+00:00",1269.7,19.7,""
"Manipulation","2023-12-04T20:38:15.500000+00:00","Behavior Group 1","2023-12-04T20:37:57.399000+00:00",1273.799,18.101,""
"Passive","2023-12-04T20:38:15.500000+00:00","Behavior Group 1","2023-12-04T20:38:15.500000+00:00",1291.9,0.0,""
"Locomotion","2023-12-04T20:38:16.100000+00:00","Behavior Group 1","2023-12-04T20:38:15.500000+00:00",1291.9,0.6,""
"Self Directed","2023-12-04T20:38:17.899000+00:00","Behavior Group 1","2023-12-04T20:38:16.100000+00:00",1292.5,1.799,""
"Stop Groom","2023-12-04T20:38:18+00:00","Behavior Group 3","2023-12-04T20:37:35.399000+00:00",1251.799,42.601,""
"Solicit Grooming","2023-12-04T20:38:18.899000+00:00","Behavior Group 3","2023-12-04T20:38:18+00:00",1294.4,0.899,""
"Receive Groom","2023-12-04T20:38:35.100000+00:00","Behavior Group 3","2023-12-04T20:38:18.899000+00:00",1295.299,16.201,""
"Stop Group 1","2023-12-04T20:38:35.100000+00:00","Behavior Group 1","2023-12-04T20:38:17.899000+00:00",1294.299,17.201,""
"Stop Groom","2023-12-04T20:38:43.399000+00:00","Behavior Group 3","2023-12-04T20:38:35.100000+00:00",1311.5,8.299,""
"Passive","2023-12-04T20:38:43.399000+00:00","Behavior Group 1","2023-12-04T20:38:35.100000+00:00",1311.5,8.299,""
"Solicit Grooming","2023-12-04T20:38:48.500000+00:00","Behavior Group 3","2023-12-04T20:38:43.399000+00:00",1319.799,5.101,""
"Stop Group 1","2023-12-04T20:38:48.500000+00:00","Behavior Group 1","2023-12-04T20:38:43.399000+00:00",1319.799,5.101,""
"Stop Groom","2023-12-04T20:38:51.100000+00:00","Behavior Group 3","2023-12-04T20:38:48.500000+00:00",1324.9,2.6,""
"Passive","2023-12-04T20:38:51.100000+00:00","Behavior Group 1","2023-12-04T20:38:48.500000+00:00",1324.9,2.6,""
"Social Contact","2023-12-04T20:39:15+00:00","Behavior Group 2","2023-12-04T20:38:13+00:00",1289.4,62.0,""
"Stop Group 1","2023-12-04T20:39:15+00:00","Behavior Group 1","2023-12-04T20:38:51.100000+00:00",1327.5,23.9,""
"Receive Groom","2023-12-04T20:39:15+00:00","Behavior Group 3","2023-12-04T20:38:51.100000+00:00",1327.5,23.9,""
"Passive","2023-12-04T20:39:19.399000+00:00","Behavior Group 1","2023-12-04T20:39:15+00:00",1351.4,4.399,""
"Stop Groom","2023-12-04T20:39:33.899000+00:00","Behavior Group 3","2023-12-04T20:39:15+00:00",1351.4,18.899,""
"Self Directed","2023-12-04T20:39:33.899000+00:00","Behavior Group 1","2023-12-04T20:39:19.399000+00:00",1355.799,14.5,""
"Stop Group 1","2023-12-04T20:39:38.100000+00:00","Behavior Group 1","2023-12-04T20:39:33.899000+00:00",1370.299,4.201,""
"Solicit Grooming","2023-12-04T20:39:38.100000+00:00","Behavior Group 3","2023-12-04T20:39:33.899000+00:00",1370.299,4.201,""
"Proximity","2023-12-04T20:39:44.600000+00:00","Behavior Group 2","2023-12-04T20:39:15+00:00",1351.4,29.6,""
"Stop Groom","2023-12-04T20:39:44.600000+00:00","Behavior Group 3","2023-12-04T20:39:38.100000+00:00",1374.5,6.5,""
"Passive","2023-12-04T20:39:44.600000+00:00","Behavior Group 1","2023-12-04T20:39:38.100000+00:00",1374.5,6.5,""
"Yawn","2023-12-04T20:39:48.600000+00:00","","2023-12-04T20:39:48.600000+00:00",1385.0,0.0,""
"Receive Groom","2023-12-04T20:40:34.699000+00:00","Behavior Group 3","2023-12-04T20:39:44.600000+00:00",1381.0,50.099,""
"Stop Group 1","2023-12-04T20:40:49.899000+00:00","Behavior Group 1","2023-12-04T20:39:44.600000+00:00",1381.0,65.299,""
"Locomotion","2023-12-04T20:40:52.100000+00:00","Behavior Group 1","2023-12-04T20:40:49.899000+00:00",1446.299,2.201,""
"Withdraw","2023-12-04T20:40:52.600000+00:00","","2023-12-04T20:40:52.600000+00:00",1449.0,0.0,""
"Passive","2023-12-04T20:40:57+00:00","Behavior Group 1","2023-12-04T20:40:52.100000+00:00",1448.5,4.9,""
"Social Contact","2023-12-04T20:40:57.600000+00:00","Behavior Group 2","2023-12-04T20:39:44.600000+00:00",1381.0,73.0,""
"Self Directed","2023-12-04T20:40:58.500000+00:00","Behavior Group 1","2023-12-04T20:40:57+00:00",1453.4,1.5,""
"Proximity","2023-12-04T20:40:59.600000+00:00","Behavior Group 2","2023-12-04T20:40:57.600000+00:00",1454.0,2.0,""
"Approach","2023-12-04T20:41:00.300000+00:00","","2023-12-04T20:41:00.300000+00:00",1456.7,0.0,""
"Locomotion","2023-12-04T20:41:00.800000+00:00","Behavior Group 1","2023-12-04T20:40:58.500000+00:00",1454.9,2.3,""
"Stop Groom","2023-12-04T20:41:02.399000+00:00","Behavior Group 3","2023-12-04T20:40:34.699000+00:00",1431.099,27.7,""
"Passive","2023-12-04T20:41:02.399000+00:00","Behavior Group 1","2023-12-04T20:41:00.800000+00:00",1457.2,1.599,""
"Give Groom","2023-12-04T20:41:06+00:00","Behavior Group 3","2023-12-04T20:41:02.399000+00:00",1458.799,3.601,""
"Stop Group 1","2023-12-04T20:41:06.100000+00:00","Behavior Group 1","2023-12-04T20:41:02.399000+00:00",1458.799,3.701,""
"Self Directed","2023-12-04T20:41:08.800000+00:00","Behavior Group 1","2023-12-04T20:41:06.100000+00:00",1462.5,2.7,""
"Stop Groom","2023-12-04T20:41:08.800000+00:00","Behavior Group 3","2023-12-04T20:41:06+00:00",1462.4,2.8,""
"Solicit Grooming","2023-12-04T20:41:10.300000+00:00","Behavior Group 3","2023-12-04T20:41:08.800000+00:00",1465.2,1.5,""
"Stop Group 1","2023-12-04T20:42:06.800000+00:00","Behavior Group 1","2023-12-04T20:41:08.800000+00:00",1465.2,58.0,""
"Self Directed","2023-12-04T20:42:18+00:00","Behavior Group 1","2023-12-04T20:42:06.800000+00:00",1523.2,11.2,""
"Stop Group 1","2023-12-04T20:42:27.100000+00:00","Behavior Group 1","2023-12-04T20:42:18+00:00",1534.4,9.1,""
"Self Directed","2023-12-04T20:42:46.699000+00:00","Behavior Group 1","2023-12-04T20:42:27.100000+00:00",1543.5,19.599,""
"Receive Groom","2023-12-04T20:43:12.699000+00:00","Behavior Group 3","2023-12-04T20:41:10.300000+00:00",1466.7,122.399,""
"Social Contact","2023-12-04T20:43:12.699000+00:00","Behavior Group 2","2023-12-04T20:40:59.600000+00:00",1456.0,133.099,""
"Stop Group 1","2023-12-04T20:43:12.699000+00:00","Behavior Group 1","2023-12-04T20:42:46.699000+00:00",1563.099,26.0,""
"Passive","2023-12-04T20:43:29.199000+00:00","Behavior Group 1","2023-12-04T20:43:12.699000+00:00",1589.099,16.5,""
"Stop Groom","2023-12-04T20:43:29.199000+00:00","Behavior Group 3","2023-12-04T20:43:12.699000+00:00",1589.099,16.5,""
"Stop Group 1","2023-12-04T20:43:40.800000+00:00","Behavior Group 1","2023-12-04T20:43:29.199000+00:00",1605.599,11.601,""
"Solicit Grooming","2023-12-04T20:43:40.800000+00:00","Behavior Group 3","2023-12-04T20:43:29.199000+00:00",1605.599,11.601,""
"Stop Groom","2023-12-04T20:43:53.399000+00:00","Behavior Group 3","2023-12-04T20:43:40.800000+00:00",1617.2,12.599,""
"Passive","2023-12-04T20:43:53.399000+00:00","Behavior Group 1","2023-12-04T20:43:40.800000+00:00",1617.2,12.599,""
"Solicit Grooming","2023-12-04T20:43:58.600000+00:00","Behavior Group 3","2023-12-04T20:43:53.399000+00:00",1629.799,5.201,""
"Stop Group 1","2023-12-04T20:43:58.600000+00:00","Behavior Group 1","2023-12-04T20:43:53.399000+00:00",1629.799,5.201,""
"Proximity","2023-12-04T20:44:00.300000+00:00","Behavior Group 2","2023-12-04T20:43:12.699000+00:00",1589.099,47.601,""
"Approach","2023-12-04T20:44:00.300000+00:00","","2023-12-04T20:44:00.300000+00:00",1636.7,0.0,""
"Passive","2023-12-04T20:44:04+00:00","Behavior Group 1","2023-12-04T20:43:58.600000+00:00",1635.0,5.4,""
"Self Directed","2023-12-04T20:44:07.800000+00:00","Behavior Group 1","2023-12-04T20:44:04+00:00",1640.4,3.8,""
"Stop Groom","2023-12-04T20:44:12.100000+00:00","Behavior Group 3","2023-12-04T20:43:58.600000+00:00",1635.0,13.5,""
"Passive","2023-12-04T20:44:12.100000+00:00","Behavior Group 1","2023-12-04T20:44:07.800000+00:00",1644.2,4.3,""
"Social Contact","2023-12-04T20:44:14+00:00","Behavior Group 2","2023-12-04T20:44:00.300000+00:00",1636.7,13.7,""
"Yawn","2023-12-04T20:44:24.300000+00:00","","2023-12-04T20:44:24.300000+00:00",1660.7,0.0,""
"Stop Group 1","2023-12-04T20:44:32+00:00","Behavior Group 1","2023-12-04T20:44:12.100000+00:00",1648.5,19.9,""
"Solicit Grooming","2023-12-04T20:44:32+00:00","Behavior Group 3","2023-12-04T20:44:12.100000+00:00",1648.5,19.9,""
"Stop Groom","2023-12-04T20:44:47.199000+00:00","Behavior Group 3","2023-12-04T20:44:32+00:00",1668.4,15.199,""
"Passive","2023-12-04T20:44:47.199000+00:00","Behavior Group 1","2023-12-04T20:44:32+00:00",1668.4,15.199,""
"Stop Group 1","2023-12-04T20:44:48.199000+00:00","Behavior Group 1","2023-12-04T20:44:47.199000+00:00",1683.599,1.0,""
"Proximity","2023-12-04T20:44:50.699000+00:00","Behavior Group 2","2023-12-04T20:44:14+00:00",1650.4,36.699,""
"Solicit Grooming","2023-12-04T20:44:50.699000+00:00","Behavior Group 3","2023-12-04T20:44:47.199000+00:00",1683.599,3.5,""
"Self Directed","2023-12-04T20:44:51+00:00","Behavior Group 1","2023-12-04T20:44:48.199000+00:00",1684.599,2.801,""
"Receive Groom","2023-12-04T20:45:14.399000+00:00","Behavior Group 3","2023-12-04T20:44:50.699000+00:00",1687.099,23.7,""
"Social Contact","2023-12-04T20:45:14.399000+00:00","Behavior Group 2","2023-12-04T20:44:50.699000+00:00",1687.099,23.7,""
"Stop Group 1","2023-12-04T20:45:14.399000+00:00","Behavior Group 1","2023-12-04T20:44:51+00:00",1687.4,23.399,""
"Stop Groom","2023-12-04T20:45:14.399000+00:00","Behavior Group 3","2023-12-04T20:45:14.399000+00:00",1710.799,0.0,""
"Passive","2023-12-04T20:45:14.399000+00:00","Behavior Group 1","2023-12-04T20:45:14.399000+00:00",1710.799,0.0,""
"Solicit Grooming","2023-12-04T20:45:28+00:00","Behavior Group 3","2023-12-04T20:45:14.399000+00:00",1710.799,13.601,""
"Stop Group 1","2023-12-04T20:45:28.100000+00:00","Behavior Group 1","2023-12-04T20:45:14.399000+00:00",1710.799,13.701,""
"Stop Groom","2023-12-04T20:45:37.300000+00:00","Behavior Group 3","2023-12-04T20:45:28+00:00",1724.4,9.3,""
"Passive","2023-12-04T20:45:37.300000+00:00","Behavior Group 1","2023-12-04T20:45:28.100000+00:00",1724.5,9.2,""
"Proximity","2023-12-04T20:45:38.899000+00:00","Behavior Group 2","2023-12-04T20:45:14.399000+00:00",1710.799,24.5,""
"Solicit Grooming","2023-12-04T20:45:43.100000+00:00","Behavior Group 3","2023-12-04T20:45:37.300000+00:00",1733.7,5.8,""
"Stop Group 1","2023-12-04T20:45:43.100000+00:00","Behavior Group 1","2023-12-04T20:45:37.300000+00:00",1733.7,5.8,""
"Social Contact","2023-12-04T20:45:46.399000+00:00","Behavior Group 2","2023-12-04T20:45:38.899000+00:00",1735.299,7.5,""
"Passive","2023-12-04T20:45:48.699000+00:00","Behavior Group 1","2023-12-04T20:45:43.100000+00:00",1739.5,5.599,""
"Stop Groom","2023-12-04T20:45:48.800000+00:00","Behavior Group 3","2023-12-04T20:45:43.100000+00:00",1739.5,5.7,""
"Proximity","2023-12-04T20:45:55.500000+00:00","Behavior Group 2","2023-12-04T20:45:46.399000+00:00",1742.799,9.101,""
"Stop Group 1","2023-12-04T20:45:59.500000+00:00","Behavior Group 1","2023-12-04T20:45:48.699000+00:00",1745.099,10.801,""
"Solicit Grooming","2023-12-04T20:45:59.500000+00:00","Behavior Group 3","2023-12-04T20:45:48.800000+00:00",1745.2,10.7,""
"Passive","2023-12-04T20:46:06+00:00","Behavior Group 1","2023-12-04T20:45:59.500000+00:00",1755.9,6.5,""
"Stop Groom","2023-12-04T20:46:06.100000+00:00","Behavior Group 3","2023-12-04T20:45:59.500000+00:00",1755.9,6.6,""
"Stop Group 1","2023-12-04T20:46:09.399000+00:00","Behavior Group 1","2023-12-04T20:46:06+00:00",1762.4,3.399,""
"Receive Groom","2023-12-04T20:46:09.500000+00:00","Behavior Group 3","2023-12-04T20:46:06.100000+00:00",1762.5,3.4,""
"Stop Groom","2023-12-04T20:46:16.300000+00:00","Behavior Group 3","2023-12-04T20:46:09.500000+00:00",1765.9,6.8,""
"Passive","2023-12-04T20:46:16.300000+00:00","Behavior Group 1","2023-12-04T20:46:09.399000+00:00",1765.799,6.901,""
"Solicit Grooming","2023-12-04T20:46:17.699000+00:00","Behavior Group 3","2023-12-04T20:46:16.300000+00:00",1772.7,1.399,""
"Receive Groom","2023-12-04T20:46:17.699000+00:00","Behavior Group 3","2023-12-04T20:46:17.699000+00:00",1774.099,0.0,""
"Stop Groom","2023-12-04T20:46:17.699000+00:00","Behavior Group 3","2023-12-04T20:46:17.699000+00:00",1774.099,0.0,""
"Stop Group 1","2023-12-04T20:46:28.600000+00:00","Behavior Group 1","2023-12-04T20:46:16.300000+00:00",1772.7,12.3,""
"Manipulation","2023-12-04T20:46:35+00:00","Behavior Group 1","2023-12-04T20:46:28.600000+00:00",1785.0,6.4,""
"Social Contact","2023-12-04T20:48:18.399000+00:00","Behavior Group 2","2023-12-04T20:45:55.500000+00:00",1751.9,142.899,""
"Receive Groom","2023-12-04T20:48:18.399000+00:00","Behavior Group 3","2023-12-04T20:46:17.699000+00:00",1774.099,120.7,""
"Stop Group 1","2023-12-04T20:48:18.399000+00:00","Behavior Group 1","2023-12-04T20:46:35+00:00",1791.4,103.399,""
"Passive","2023-12-04T20:48:30.600000+00:00","Behavior Group 1","2023-12-04T20:48:18.399000+00:00",1894.799,12.201,""
"Locomotion","2023-12-04T20:48:33.300000+00:00","Behavior Group 1","2023-12-04T20:48:30.600000+00:00",1907.0,2.7,""
"Stop Groom","2023-12-04T20:48:35.699000+00:00","Behavior Group 3","2023-12-04T20:48:18.399000+00:00",1894.799,17.3,""
"Proximity","2023-12-04T20:48:35.699000+00:00","Behavior Group 2","2023-12-04T20:48:18.399000+00:00",1894.799,17.3,""
"Social Contact","2023-12-04T20:48:36.899000+00:00","Behavior Group 2","2023-12-04T20:48:35.699000+00:00",1912.099,1.2,""
"Give Groom","2023-12-04T20:48:36.899000+00:00","Behavior Group 3","2023-12-04T20:48:35.699000+00:00",1912.099,1.2,""
"Passive","2023-12-04T20:48:40.100000+00:00","Behavior Group 1","2023-12-04T20:48:33.300000+00:00",1909.7,6.8,""
"Self Directed","2023-12-04T20:48:42.199000+00:00","Behavior Group 1","2023-12-04T20:48:40.100000+00:00",1916.5,2.099,""
"Passive","2023-12-04T20:48:43.500000+00:00","Behavior Group 1","2023-12-04T20:48:42.199000+00:00",1918.599,1.301,""
"Stop Groom","2023-12-04T20:48:43.600000+00:00","Behavior Group 3","2023-12-04T20:48:36.899000+00:00",1913.299,6.701,""
"Proximity","2023-12-04T20:48:43.600000+00:00","Behavior Group 2","2023-12-04T20:48:36.899000+00:00",1913.299,6.701,""
"Receive Groom","2023-12-04T20:50:32.900000+00:00","Behavior Group 3","2023-12-04T20:48:43.600000+00:00",1920.0,109.3,""
"Stop Group 1","2023-12-04T20:50:39+00:00","Behavior Group 1","2023-12-04T20:48:43.500000+00:00",1919.9,115.5,""
"Withdraw","2023-12-04T20:50:40.900000+00:00","","2023-12-04T20:50:40.900000+00:00",2037.3,0.0,""
"Social Contact","2023-12-04T20:50:41.699000+00:00","Behavior Group 2","2023-12-04T20:48:43.600000+00:00",1920.0,118.099,""
"Proximity","2023-12-04T20:50:42.300000+00:00","Behavior Group 2","2023-12-04T20:50:41.699000+00:00",2038.099,0.601,""
"Isolation","2023-12-04T20:50:47.300000+00:00","Behavior Group 2","2023-12-04T20:50:42.300000+00:00",2038.7,5.0,""
"Approach","2023-12-04T20:50:47.300000+00:00","","2023-12-04T20:50:47.300000+00:00",2043.7,0.0,""
"Locomotion","2023-12-04T20:50:47.300000+00:00","Behavior Group 1","2023-12-04T20:50:39+00:00",2035.4,8.3,""
"Passive","2023-12-04T20:50:47.699000+00:00","Behavior Group 1","2023-12-04T20:50:47.300000+00:00",2043.7,0.399,""
"Self Directed","2023-12-04T20:50:50.500000+00:00","Behavior Group 1","2023-12-04T20:50:47.699000+00:00",2044.099,2.801,""
"Proximity","2023-12-04T20:50:53.400000+00:00","Behavior Group 2","2023-12-04T20:50:47.300000+00:00",2043.7,6.1,""
"Locomotion","2023-12-04T20:50:56.100000+00:00","Behavior Group 1","2023-12-04T20:50:50.500000+00:00",2046.9,5.6,""
"Passive","2023-12-04T20:50:58.100000+00:00","Behavior Group 1","2023-12-04T20:50:56.100000+00:00",2052.5,2.0,""
"Self Directed","2023-12-04T20:50:59.799000+00:00","Behavior Group 1","2023-12-04T20:50:58.100000+00:00",2054.5,1.699,""
"Stop Groom","2023-12-04T20:51:08.799000+00:00","Behavior Group 3","2023-12-04T20:50:32.900000+00:00",2029.3,35.899,""
"Social Contact","2023-12-04T20:51:12+00:00","Behavior Group 2","2023-12-04T20:50:53.400000+00:00",2049.8,18.6,""
"Give Groom","2023-12-04T20:51:12+00:00","Behavior Group 3","2023-12-04T20:51:08.799000+00:00",2065.199,3.201,""
"Stop Groom","2023-12-04T20:51:15.100000+00:00","Behavior Group 3","2023-12-04T20:51:12+00:00",2068.4,3.1,""
"Proximity","2023-12-04T20:51:15.100000+00:00","Behavior Group 2","2023-12-04T20:51:12+00:00",2068.4,3.1,""
"Receive Groom","2023-12-04T20:51:17+00:00","Behavior Group 3","2023-12-04T20:51:15.100000+00:00",2071.5,1.9,""
"Social Contact","2023-12-04T20:51:17+00:00","Behavior Group 2","2023-12-04T20:51:15.100000+00:00",2071.5,1.9,""
"Proximity","2023-12-04T20:51:29+00:00","Behavior Group 2","2023-12-04T20:51:17+00:00",2073.4,12.0,""
"Stop Groom","2023-12-04T20:51:29+00:00","Behavior Group 3","2023-12-04T20:51:17+00:00",2073.4,12.0,""
"Receive Groom","2023-12-04T20:51:53.600000+00:00","Behavior Group 3","2023-12-04T20:51:29+00:00",2085.4,24.6,""
"Stop Groom","2023-12-04T20:52:01.100000+00:00","Behavior Group 3","2023-12-04T20:51:53.600000+00:00",2110.0,7.5,""
"Stop Group 1","2023-12-04T20:52:30.799000+00:00","Behavior Group 1","2023-12-04T20:50:59.799000+00:00",2056.199,91.0,""
"Self Directed","2023-12-04T20:52:50+00:00","Behavior Group 1","2023-12-04T20:52:30.799000+00:00",2147.199,19.201,""
"Stop Group 1","2023-12-04T20:53:10.600000+00:00","Behavior Group 1","2023-12-04T20:52:50+00:00",2166.4,20.6,""
"Withdraw","2023-12-04T20:53:10.600000+00:00","","2023-12-04T20:53:10.600000+00:00",2187.0,0.0,""
"Social Contact","2023-12-04T20:53:11+00:00","Behavior Group 2","2023-12-04T20:51:29+00:00",2085.4,102.0,""
"Receive Groom","2023-12-04T20:53:11+00:00","Behavior Group 3","2023-12-04T20:52:01.100000+00:00",2117.5,69.9,""
"Locomotion","2023-12-04T20:53:20.900000+00:00","Behavior Group 1","2023-12-04T20:53:10.600000+00:00",2187.0,10.3,""
"Passive","2023-12-04T20:53:28.299000+00:00","Behavior Group 1","2023-12-04T20:53:20.900000+00:00",2197.3,7.399,""
"Locomotion","2023-12-04T20:53:40.400000+00:00","Behavior Group 1","2023-12-04T20:53:28.299000+00:00",2204.699,12.101,""
"Passive","2023-12-04T20:53:42.400000+00:00","Behavior Group 1","2023-12-04T20:53:40.400000+00:00",2216.8,2.0,""
"Locomotion","2023-12-04T20:53:42.400000+00:00","Behavior Group 1","2023-12-04T20:53:42.400000+00:00",2218.8,0.0,""
"Self Directed","2023-12-04T20:53:47.600000+00:00","Behavior Group 1","2023-12-04T20:53:42.400000+00:00",2218.8,5.2,""
"Approach","2023-12-04T20:54:00.700000+00:00","","2023-12-04T20:54:00.700000+00:00",2237.1,0.0,""
"Proximity","2023-12-04T20:54:00.700000+00:00","Behavior Group 2","2023-12-04T20:53:11+00:00",2187.4,49.7,""
"Locomotion","2023-12-04T20:54:00.700000+00:00","Behavior Group 1","2023-12-04T20:53:47.600000+00:00",2224.0,13.1,""
"Social Contact","2023-12-04T20:54:06.900000+00:00","Behavior Group 2","2023-12-04T20:54:00.700000+00:00",2237.1,6.2,""
"Stop Group 1","2023-12-04T20:54:07.799000+00:00","Behavior Group 1","2023-12-04T20:54:00.700000+00:00",2237.1,7.099,""
"Stop Groom","2023-12-04T20:54:10.799000+00:00","Behavior Group 3","2023-12-04T20:53:11+00:00",2187.4,59.799,""
"Passive","2023-12-04T20:54:22.200000+00:00","Behavior Group 1","2023-12-04T20:54:07.799000+00:00",2244.199,14.401,""
"Solicit Grooming","2023-12-04T20:54:22.200000+00:00","Behavior Group 3","2023-12-04T20:54:10.799000+00:00",2247.199,11.401,""
"Self Directed","2023-12-04T20:54:23.500000+00:00","Behavior Group 1","2023-12-04T20:54:22.200000+00:00",2258.6,1.3,""
"Proximity","2023-12-04T20:54:26.600000+00:00","Behavior Group 2","2023-12-04T20:54:06.900000+00:00",2243.3,19.7,""
"Stop Groom","2023-12-04T20:54:26.600000+00:00","Behavior Group 3","2023-12-04T20:54:22.200000+00:00",2258.6,4.4,""
"Social Contact","2023-12-04T20:54:28.600000+00:00","Behavior Group 2","2023-12-04T20:54:26.600000+00:00",2263.0,2.0,""
"Give Groom","2023-12-04T20:54:28.600000+00:00","Behavior Group 3","2023-12-04T20:54:26.600000+00:00",2263.0,2.0,""
"Passive","2023-12-04T20:54:29.500000+00:00","Behavior Group 1","2023-12-04T20:54:23.500000+00:00",2259.9,6.0,""
"Locomotion","2023-12-04T20:54:49.600000+00:00","Behavior Group 1","2023-12-04T20:54:29.500000+00:00",2265.9,20.1,""
"Proximity","2023-12-04T20:54:57+00:00","Behavior Group 2","2023-12-04T20:54:28.600000+00:00",2265.0,28.4,""
"Manipulation","2023-12-04T20:54:57+00:00","Behavior Group 1","2023-12-04T20:54:49.600000+00:00",2286.0,7.4,""
"Passive","2023-12-04T20:55:10.400000+00:00","Behavior Group 1","2023-12-04T20:54:57+00:00",2293.4,13.4,""
"Withdraw","2023-12-04T20:55:10.400000+00:00","","2023-12-04T20:55:10.400000+00:00",2306.8,0.0,""
"Social Contact","2023-12-04T20:55:12.100000+00:00","Behavior Group 2","2023-12-04T20:54:57+00:00",2293.4,15.1,""
"Locomotion","2023-12-04T20:55:15.600000+00:00","Behavior Group 1","2023-12-04T20:55:10.400000+00:00",2306.8,5.2,""
"Proximity","2023-12-04T20:55:16.799000+00:00","Behavior Group 2","2023-12-04T20:55:12.100000+00:00",2308.5,4.699,""
"Stop Groom","2023-12-04T20:55:16.799000+00:00","Behavior Group 3","2023-12-04T20:54:28.600000+00:00",2265.0,48.199,""
"Passive","2023-12-04T20:55:16.799000+00:00","Behavior Group 1","2023-12-04T20:55:15.600000+00:00",2312.0,1.199,""
"Stop Group 1","2023-12-04T20:55:57+00:00","Behavior Group 1","2023-12-04T20:55:16.799000+00:00",2313.199,40.201,""
"Locomotion","2023-12-04T20:55:59.700000+00:00","Behavior Group 1","2023-12-04T20:55:57+00:00",2353.4,2.7,""
"Stop Group 1","2023-12-04T20:56:45.799000+00:00","Behavior Group 1","2023-12-04T20:55:59.700000+00:00",2356.1,46.099,""
"Self Directed","2023-12-04T20:56:47.100000+00:00","Behavior Group 1","2023-12-04T20:56:45.799000+00:00",2402.199,1.301,""
"Stop Group 1","2023-12-04T20:57:07.799000+00:00","Behavior Group 1","2023-12-04T20:56:47.100000+00:00",2403.5,20.699,""
"Self Directed","2023-12-04T20:57:12.200000+00:00","Behavior Group 1","2023-12-04T20:57:07.799000+00:00",2424.199,4.401,""
"Stop Group 1","2023-12-04T20:57:19.299000+00:00","Behavior Group 1","2023-12-04T20:57:12.200000+00:00",2428.6,7.099,""
"Social Contact","2023-12-04T20:57:20.299000+00:00","Behavior Group 2","2023-12-04T20:55:16.799000+00:00",2313.199,123.5,""
"Receive Groom","2023-12-04T20:57:20.299000+00:00","Behavior Group 3","2023-12-04T20:55:16.799000+00:00",2313.199,123.5,""
"Self Directed","2023-12-04T20:57:23.299000+00:00","Behavior Group 1","2023-12-04T20:57:19.299000+00:00",2435.699,4.0,""
"Proximity","2023-12-04T20:57:25.400000+00:00","Behavior Group 2","2023-12-04T20:57:20.299000+00:00",2436.699,5.101,""
"Passive","2023-12-04T20:57:26.600000+00:00","Behavior Group 1","2023-12-04T20:57:23.299000+00:00",2439.699,3.301,""
"Self Directed","2023-12-04T20:57:28.500000+00:00","Behavior Group 1","2023-12-04T20:57:26.600000+00:00",2443.0,1.9,""
"Passive","2023-12-04T20:57:31.900000+00:00","Behavior Group 1","2023-12-04T20:57:28.500000+00:00",2444.9,3.4,""
"Self Directed","2023-12-04T20:57:37+00:00","Behavior Group 1","2023-12-04T20:57:31.900000+00:00",2448.3,5.1,""
"Passive","2023-12-04T20:57:37.500000+00:00","Behavior Group 1","2023-12-04T20:57:37+00:00",2453.4,0.5,""
"Withdraw","2023-12-04T20:57:37.500000+00:00","","2023-12-04T20:57:37.500000+00:00",2453.9,0.0,""
"Social Contact","2023-12-04T20:57:38.900000+00:00","Behavior Group 2","2023-12-04T20:57:25.400000+00:00",2441.8,13.5,""
"Approach","2023-12-04T20:57:44.500000+00:00","","2023-12-04T20:57:44.500000+00:00",2460.9,0.0,""
"Isolation","2023-12-04T20:57:44.500000+00:00","Behavior Group 2","2023-12-04T20:57:38.900000+00:00",2455.3,5.6,""
"Locomotion","2023-12-04T20:57:54.400000+00:00","Behavior Group 1","2023-12-04T20:57:37.500000+00:00",2453.9,16.9,""
"Proximity","2023-12-04T20:57:58+00:00","Behavior Group 2","2023-12-04T20:57:44.500000+00:00",2460.9,13.5,""
"Stop Groom","2023-12-04T20:58:05.100000+00:00","Behavior Group 3","2023-12-04T20:57:20.299000+00:00",2436.699,44.801,""
"Self Directed","2023-12-04T20:58:06.299000+00:00","Behavior Group 1","2023-12-04T20:57:54.400000+00:00",2470.8,11.899,""
"Receive Groom","2023-12-04T20:58:32.799000+00:00","Behavior Group 3","2023-12-04T20:58:05.100000+00:00",2481.5,27.699,""
"Stop Group 1","2023-12-04T20:58:35.400000+00:00","Behavior Group 1","2023-12-04T20:58:06.299000+00:00",2482.699,29.101,""
"Locomotion","2023-12-04T20:58:37.400000+00:00","Behavior Group 1","2023-12-04T20:58:35.400000+00:00",2511.8,2.0,""
"Stop Group 1","2023-12-04T20:58:37.400000+00:00","Behavior Group 1","2023-12-04T20:58:37.400000+00:00",2513.8,0.0,""
"Passive","2023-12-04T20:58:43.700000+00:00","Behavior Group 1","2023-12-04T20:58:37.400000+00:00",2513.8,6.3,""
"Stop Groom","2023-12-04T20:58:44+00:00","Behavior Group 3","2023-12-04T20:58:32.799000+00:00",2509.199,11.201,""
"Self Directed","2023-12-04T20:59:15.200000+00:00","Behavior Group 1","2023-12-04T20:58:43.700000+00:00",2520.1,31.5,""
"Stop Group 1","2023-12-04T20:59:27.700000+00:00","Behavior Group 1","2023-12-04T20:59:15.200000+00:00",2551.6,12.5,""
"Receive Groom","2023-12-04T20:59:34.200000+00:00","Behavior Group 3","2023-12-04T20:58:44+00:00",2520.4,50.2,""
"Self Directed","2023-12-04T20:59:34.500000+00:00","Behavior Group 1","2023-12-04T20:59:27.700000+00:00",2564.1,6.8,""
"Passive","2023-12-04T20:59:37.400000+00:00","Behavior Group 1","2023-12-04T20:59:34.500000+00:00",2570.9,2.9,""
"Self Directed","2023-12-04T20:59:42.799000+00:00","Behavior Group 1","2023-12-04T20:59:37.400000+00:00",2573.8,5.399,""
"Passive","2023-12-04T20:59:45.600000+00:00","Behavior Group 1","2023-12-04T20:59:42.799000+00:00",2579.199,2.801,""
"Withdraw","2023-12-04T20:59:45.600000+00:00","","2023-12-04T20:59:45.600000+00:00",2582.0,0.0,""
"Social Contact","2023-12-04T20:59:47.700000+00:00","Behavior Group 2","2023-12-04T20:57:58+00:00",2474.4,109.7,""
"Isolation","2023-12-04T21:00:07+00:00","Behavior Group 2","2023-12-04T20:59:47.700000+00:00",2584.1,19.3,""
"Approach","2023-12-04T21:00:07+00:00","","2023-12-04T21:00:07+00:00",2603.4,0.0,""
"Locomotion","2023-12-04T21:00:08.799000+00:00","Behavior Group 1","2023-12-04T20:59:45.600000+00:00",2582.0,23.199,""
"Self Directed","2023-12-04T21:00:16.400000+00:00","Behavior Group 1","2023-12-04T21:00:08.799000+00:00",2605.199,7.601,""
"Locomotion","2023-12-04T21:00:32.400000+00:00","Behavior Group 1","2023-12-04T21:00:16.400000+00:00",2612.8,16.0,""
"Proximity","2023-12-04T21:00:35+00:00","Behavior Group 2","2023-12-04T21:00:07+00:00",2603.4,28.0,""
"Stop Groom","2023-12-04T21:00:35+00:00","Behavior Group 3","2023-12-04T20:59:34.200000+00:00",2570.6,60.8,""
"Passive","2023-12-04T21:00:37.600000+00:00","Behavior Group 1","2023-12-04T21:00:32.400000+00:00",2628.8,5.2,""
"Withdraw","2023-12-04T21:00:37.600000+00:00","","2023-12-04T21:00:37.600000+00:00",2634.0,0.0,""
"Social Contact","2023-12-04T21:00:37.799000+00:00","Behavior Group 2","2023-12-04T21:00:35+00:00",2631.4,2.799,""
"Receive Groom","2023-12-04T21:00:37.799000+00:00","Behavior Group 3","2023-12-04T21:00:35+00:00",2631.4,2.799,""
"Proximity","2023-12-04T21:00:40+00:00","Behavior Group 2","2023-12-04T21:00:37.799000+00:00",2634.199,2.201,""
"Locomotion","2023-12-04T21:00:49.799000+00:00","Behavior Group 1","2023-12-04T21:00:37.600000+00:00",2634.0,12.199,""
"Isolation","2023-12-04T21:00:55.600000+00:00","Behavior Group 2","2023-12-04T21:00:40+00:00",2636.4,15.6,""
"Social Contact","2023-12-04T21:00:57.900000+00:00","Behavior Group 2","2023-12-04T21:00:55.600000+00:00",2652.0,2.3,""
"Manipulation","2023-12-04T21:00:58+00:00","Behavior Group 1","2023-12-04T21:00:49.799000+00:00",2646.199,8.201,""
"Withdraw","2023-12-04T21:00:58+00:00","","2023-12-04T21:00:58+00:00",2654.4,0.0,""
"Locomotion","2023-12-04T21:01:10.100000+00:00","Behavior Group 1","2023-12-04T21:00:58+00:00",2654.4,12.1,""
"Self Directed","2023-12-04T21:01:34.100000+00:00","Behavior Group 1","2023-12-04T21:01:10.100000+00:00",2666.5,24.0,""
"Passive","2023-12-04T21:01:43.500000+00:00","Behavior Group 1","2023-12-04T21:01:34.100000+00:00",2690.5,9.4,""
"Self Directed","2023-12-04T21:01:43.600000+00:00","Behavior Group 1","2023-12-04T21:01:43.500000+00:00",2699.9,0.1,""
"Proximity","2023-12-04T21:01:43.600000+00:00","Behavior Group 2","2023-12-04T21:00:57.900000+00:00",2654.3,45.7,""
"Stop Groom","2023-12-04T21:04:37.600000+00:00","Behavior Group 3","2023-12-04T21:00:37.799000+00:00",2634.199,239.801,""
"Stop Group 1","2023-12-04T21:04:37.600000+00:00","Behavior Group 1","2023-12-04T21:01:43.600000+00:00",2700.0,174.0,""
"END 15 Minutes","2023-12-04T21:04:37.600000+00:00","Behavior Group 2","2023-12-04T21:01:43.600000+00:00",2700.0,174.0,""
