new_filename,animal,session,video_code,hemisphere,treatment,used_in,md5
Basquiat_S01_BAS2a_Left_SAL.csv,Basquiat,1,BAS2a,Left,Saline,ACCs,3d69bd34aaab3e30d92d44e05d3ee7e8
Basquiat_S06_BAS8A_Left_BMI.csv,Basquiat,6,BAS8A,Left,BMI,ACCs,564f606f7416b88e477eb91cdb62c98d
Basquiat_S09_BAS11a_Left_BMI.csv,Basquiat,9,BAS11a,Left,BMI,ACCs,0ad5ab83ff9efa5de6b2772d0f629d00
Basquiat_S11_BAS13a_Right_BMI.csv,Basquiat,11,BAS13a,Right,BMI,ACCg,b716ab109a1e577bf1f8a5f6c8238fbd
Basquiat_S12_BAS14a_Right_SAL.csv,Basquiat,12,BAS14a,Right,Saline,ACCg,0f285d775f34ed0907dee9ac84947e00
Basquiat_S13_BAS15a_Right_BMI.csv,Basquiat,13,BAS15a,Right,BMI,ACCg,b60619969d04de54008c57dd8af7ea71
Basquiat_S14_BAS19a_Right_SAL.csv,Basquiat,14,BAS19a,Right,Saline,ACCg,e5f79a458d8c1fd7698a73e107c231a1
Basquiat_S16_BAS21a_Right_SAL.csv,Basquiat,16,BAS21a,Right,Saline,ACCg,2b683a9f657ff0d47cb0dca4a8cd6d26
Basquiat_S17_BAS22a_Right_BMI.csv,Basquiat,17,BAS22a,Right,BMI,ACCg,868325fcba7eb3358b0515cfd530bcb3
Cobain_S01_Co_20A_Left_SAL.csv,Cobain,1,Co_20A,Left,Saline,ACCg,3c09bdeca0a71c864da2d20e3d04fdee
Cobain_S04_Co_17A_Left_SAL.csv,Cobain,4,Co_17A,Left,Saline,ACCg,bd5c099ef3a827401ec22d9e9d4ffe9c
Cobain_S06_Co_24A_Right_SAL.csv,Cobain,6,Co_24A,Right,Saline,ACCg,1e7cb8416b238594a88367d844bd8e3a
Cobain_S07_T5Co_21AT_Right_BMI.csv,Cobain,7,T5Co_21AT,Right,BMI,ACCg,dd261f874e04a5302cf46fda1c3f9996
Cobain_S08_T2Co_23A_Right_BMI.csv,Cobain,8,T2Co_23A,Right,BMI,ACCg,7c4cb194c8d6124105283e6656956bc8
Cobain_S09_Co_27A_Right_SAL.csv,Cobain,9,Co_27A,Right,Saline,ACCg,46e630f675267616f6943be57bf64182
Cobain_S10_Co_28A_Right_BMI.csv,Cobain,10,Co_28A,Right,BMI,ACCg,a88587e6c59a1361fde2da7baafa0e8b
Cobain_S11_Co_26A_Right_SAL.csv,Cobain,11,Co_26A,Right,Saline,ACCs,5a42207e3a5cfb899773d90cb32cea47
Cobain_S14_Co_27A_Left_BMI.csv,Cobain,14,Co_27A,Left,BMI,ACCg,74975691aa52967f8375cba7b1f5d6a5
Cobain_S15_T12Co_26A_Right_SAL.csv,Cobain,15,T12Co_26A,Right,Saline,ACCs,8e2bb192bd7d1821d38a231e15793efc
Cobain_S17_Co_29A_Left_BMI.csv,Cobain,17,Co_29A,Left,BMI,ACCg,870039990c022c4f77eee7c201382fa2
Cobain_S18_Co_34A_Left_SAL.csv,Cobain,18,Co_34A,Left,Saline,ACCg,a0deb67432ceb6b0c41ddd0fbdc8cb25
Cobain_S19_Co_36A_Left_BMI.csv,Cobain,19,Co_36A,Left,BMI,ACCg,1cbab3a96f26a31d5284264952f9ec24
Cobain_S20_Co_35A_Right_BMI.csv,Cobain,20,Co_35A,Right,BMI,ACCs,e2506bc46e80e4987d47be835ecc7ec7
Cobain_S21_Co_33A_Right_SAL.csv,Cobain,21,Co_33A,Right,Saline,ACCs,24763ba86506abbceede79b227449655
Cobain_S22_Co_31A_Right_BMI.csv,Cobain,22,Co_31A,Right,BMI,ACCs,47ead4374e70d0db1da8cd1e21b597f7
Cobain_S24_Co_38A_Right_BMI.csv,Cobain,24,Co_38A,Right,BMI,ACCs,1c7bbc16e8f0c72abc4328017c9599c3
Cobain_S25_Co_39A_Left_SAL.csv,Cobain,25,Co_39A,Left,Saline,ACCs,97b6733a4a1ddca3bbd1d32a079ce083
Cobain_S26_Co_37A_Left_BMI.csv,Cobain,26,Co_37A,Left,BMI,ACCs,dd161757df0fdaeabb1da492962edca9
Cobain_S27_Co_40A_Left_BMI.csv,Cobain,27,Co_40A,Left,BMI,ACCs,21415a6fa26e350d5255bb6fcfb03739
Hendrix_S03_2aHEND_Left_SAL.csv,Hendrix,3,2aHEND,Left,Saline,ACCg+ACCs,6d9bf804b22339afd8c4f6ad0d762f01
Hendrix_S09_9a_HEN_Left_BMI.csv,Hendrix,9,9a-HEN,Left,BMI,ACCs,c2728e56dc9f617eb74af7bc92e2629a
Hendrix_S10_10a_HEN_Left_SAL.csv,Hendrix,10,10a-HEN,Left,Saline,ACCs,9bb40cca4b0ef9bd6ca9e2a0f52aa630
Hendrix_S11_11a_HEN_Left_BMI.csv,Hendrix,11,11a-HEN,Left,BMI,ACCs,b8db3be208b2b08b86117b42b015c158
Hendrix_S15_HEN15a_Left_SAL.csv,Hendrix,15,HEN15a,Left,Saline,ACCg,b36343c078a9b99e00010fcc8d280a93
Hendrix_S17_HEN17a_Left_SAL.csv,Hendrix,17,HEN17a,Left,Saline,ACCg,87d451fad9fad2f1a47c2fc008783aed
Hendrix_S19_HEN19a_Left_SAL.csv,Hendrix,19,HEN19a,Left,Saline,ACCg,270680efa0cfb85f351efd1563a865c2
Hendrix_S20_HEN20a_Left_BMI.csv,Hendrix,20,HEN20a,Left,BMI,ACCg,eb7fa415ef08673137a513b2ac643f7a
Hendrix_S21_HEN21a_Left_BMI.csv,Hendrix,21,HEN21a,Left,BMI,ACCg,35f9edbab13a739b21cdf6dfad759c1a
Hendrix_S22_HEN22A_Left_BMI.csv,Hendrix,22,HEN22A,Left,BMI,ACCg,8d0797279aefa07ce3620a26a1012ab5
Hendrix_S23_HEN23a_Left_SAL.csv,Hendrix,23,HEN23a,Left,Saline,ACCg,ccc5b98de66cc7296dc48f434cb70e56
Joplin_S08_JOP8a_AVI_Left_SAL.csv,Joplin,8,JOP8a.AVI,Left,Saline,ACCs,06542668daa1e99a61ad9e80bcbeab9a
Joplin_S09_9aJOP_Left_BMI.csv,Joplin,9,9aJOP,Left,BMI,ACCs,5d705d799b32c3f06372645b8b2b943a
Joplin_S12_1A_Right_BMI.csv,Joplin,12,1A,Right,BMI,ACCs,c50587673e23db9870d52ca4e242180e
Joplin_S13_3A_Right_SAL.csv,Joplin,13,3A,Right,Saline,ACCs,e03efba40a90de15ca988190c2ab52b3
Joplin_S17_8A_Right_SAL.csv,Joplin,17,8A,Right,Saline,ACCs,d112c8e76b74dfd949d125ef3b30acde
Joplin_S19_9A_Right_SAL.csv,Joplin,19,9A,Right,Saline,ACCs,641cc143c04e94dcf611ad64a946364e
Joplin_S20_14A_Right_BMI.csv,Joplin,20,14A,Right,BMI,ACCs,f07f1b74a48ab81288f84c04de388f8a
Joplin_S22_12A_Right_BMI.csv,Joplin,22,12A,Right,BMI,ACCs,56b64b6c716cc5eaedb4bc67996411a5